{
  "version": "v1.0.0",
  "trained_at": "2025-09-30T02:28:40Z",
  "data": {
    "train_rows": 110842,
    "val_rows": 28462,
    "val_anomaly_rate": 0.0010540369615627855
  },
  "model": {
    "type": "autoencoder_cosine",
    "epochs": 40,
    "batch_size": 16384,
    "lr": 0.01,
    "arch": "30-64-128-64-30 (BN+LeakyReLU), L1Loss",
    "device": "cuda",
    "scaler": "StandardScaler(train-fit)"
  },
  "metrics_offline": {
    "default_rule": {
      "acc": 0.9996486543461457,
      "precision": 0.8333333333333334,
      "recall": 0.8333333333333334,
      "f1": 0.8333333333333334,
      "tn": 28427,
      "fp": 5,
      "fn": 5,
      "tp": 25
    },
    "bestF1": {
      "threshold": 0.2822656031252001,
      "acc": 0.9996135197807603,
      "precision": 0.8275862068965517,
      "recall": 0.8,
      "f1": 0.8135593220338984,
      "tn": 28427,
      "fp": 5,
      "fn": 6,
      "tp": 24
    },
    "recall@p90": null
  },
  "threshold_suggestions": {
    "default_rule": 0.09129075366169706,
    "bestF1": 0.2822656031252001,
    "recall@p90": null
  },
  "files": {
    "threshold_curve_csv": "./result/threshold_curve.csv"
  }
}