{
  "version": "v1.0.0",
  "trained_at": "2025-09-30T00:37:01Z",
  "data": {
    "train_rows": 113842,
    "val_rows": 28462,
    "val_anomaly_rate": 0.0010540369615627855
  },
  "model": {
    "type": "autoencoder_cosine",
    "epochs": 40,
    "batch_size": 16384,
    "lr": 0.01,
    "arch": "30-64-128-64-30 (BN+LeakyReLU), L1Loss",
    "device": "cuda",
    "scaler": "StandardScaler(train-fit)"
  },
  "metrics_offline": {
    "default_rule": {
      "acc": 0.9979621952076453,
      "precision": 0.03333333333333333,
      "recall": 0.03333333333333333,
      "f1": 0.03333333333333333,
      "tn": 28403,
      "fp": 29,
      "fn": 29,
      "tp": 1
    },
    "bestF1": {
      "threshold": 0.3823270914554538,
      "acc": 0.9969081582460825,
      "precision": 0.16279069767441862,
      "recall": 0.4666666666666667,
      "f1": 0.2413793103448276,
      "tn": 28360,
      "fp": 72,
      "fn": 16,
      "tp": 14
    },
    "recall@p90": null
  },
  "threshold_suggestions": {
    "default_rule": 0.4645666294017137,
    "bestF1": 0.3823270914554538,
    "recall@p90": null
  },
  "files": {
    "threshold_curve_csv": "./result/threshold_curve.csv"
  }
}