{
  "data": {
    "train_shape": [
      113842,
      30
    ],
    "val_shape": [
      28462,
      30
    ],
    "val_anomaly_count": 30,
    "val_anomaly_rate": 0.0010540369615627855,
    "paths": {
      "train": "./uploaded_files/train.csv",
      "val": "./uploaded_files/val.csv"
    }
  },
  "timing_sec": {
    "fit": 0.8153998851776123,
    "predict": 0.044960975646972656
  },
  "model": {
    "type": "autoencoder_cosine",
    "epochs": 40,
    "batch_size": 16384,
    "lr": 0.01,
    "arch": "30-64-128-64-30 (BN+LeakyReLU), L1Loss",
    "device": "cuda",
    "scaler": "StandardScaler(train-fit)"
  },
  "isoforest": null,
  "default_rule": {
    "acc": 0.9992270395615206,
    "precision": 0.6333333333333333,
    "recall": 0.6333333333333333,
    "f1": 0.6333333333333333,
    "tn": 28421,
    "fp": 11,
    "fn": 11,
    "tp": 19
  },
  "threshold_suggestions": {
    "bestF1": {
      "threshold": 0.437755748212355,
      "acc": 0.9992621741269061,
      "precision": 0.6551724137931034,
      "recall": 0.6333333333333333,
      "f1": 0.6440677966101694,
      "tn": 28422,
      "fp": 10,
      "fn": 11,
      "tp": 19
    }
  },
  "files": {
    "threshold_curve_csv": "./result/threshold_curve.csv",
    "misclassified_default_csv": "./result/misclassified_default.csv",
    "misclassified_bestF1_csv": "./result/misclassified_bestF1.csv",
    "misclassified_recall_at_p90_csv": null
  }
}