{
  "data": {
    "train_shape": [
      113842,
      30
    ],
    "val_shape": [
      28462,
      30
    ],
    "val_anomaly_count": 30,
    "val_anomaly_rate": 0.0010540369615627855,
    "paths": {
      "train": "./uploaded_files/train.csv",
      "val": "./uploaded_files/val.csv"
    }
  },
  "timing_sec": {
    "fit": 0.8763554096221924,
    "predict": 0.13480615615844727
  },
  "isoforest": {
    "n_estimators": 100,
    "contamination": "0.0010540369615627855"
  },
  "default_rule": {
    "acc": 0.9987000210807392,
    "precision": 0.37037037037037035,
    "recall": 0.3333333333333333,
    "f1": 0.3508771929824561,
    "tn": 28415,
    "fp": 17,
    "fn": 20,
    "tp": 10
  },
  "threshold_suggestions": {
    "bestF1": {
      "threshold": -0.002181979459371669,
      "acc": 0.9986297519499684,
      "precision": 0.3448275862068966,
      "recall": 0.3333333333333333,
      "f1": 0.3389830508474576,
      "tn": 28413,
      "fp": 19,
      "fn": 20,
      "tp": 10
    }
  },
  "files": {
    "threshold_curve_csv": "./result/threshold_curve.csv",
    "misclassified_default_csv": "./result/misclassified_default.csv",
    "misclassified_bestF1_csv": "./result/misclassified_bestF1.csv"
  }
}